metric,obs,value,unit,source,published,published_basis,retrieved,collector,verification,note
hale-global,2021,61.9,years,https://www.who.int/data/gho/data/themes/mortality-and-global-health-estimates/ghe-life-expectancy-and-healthy-life-expectancy,2026-01-04,seen,2026-01-04,backfill:pilot-2025/kpis/health.csv,legacy,WHO global HALE at birth
hale-global,2019,63.5,years,https://www.who.int/data/gho/data/themes/mortality-and-global-health-estimates/ghe-life-expectancy-and-healthy-life-expectancy,2026-01-04,seen,2026-01-04,backfill:pilot-2025/kpis/health.csv,legacy,WHO global HALE at birth (pre-pandemic peak)
hale-median-country,2000,61.4,years,https://ghoapi.azureedge.net/api/WHOSIS_000002,2024-08-02,source,2026-10-01,collectors/health.py@2026-10-01,collector,"Derived: median across 185 countries of WHO GHE HALE at birth, both sexes (GHO WHOSIS_000002, COUNTRY, SEX_BTSX), unweighted, from the unrounded estimates (61.3881226), rounded half-up to 1 decimal; GHE series 2000-2021; published = GHO record date 2024-08-02"
hale-median-country,2001,61.6,years,https://ghoapi.azureedge.net/api/WHOSIS_000002,2024-08-02,source,2026-10-01,collectors/health.py@2026-10-01,collector,"Derived: median across 185 countries of WHO GHE HALE at birth, both sexes (GHO WHOSIS_000002, COUNTRY, SEX_BTSX), unweighted, from the unrounded estimates (61.59633053), rounded half-up to 1 decimal; GHE series 2000-2021; published = GHO record date 2024-08-02"
hale-median-country,2002,61.8,years,https://ghoapi.azureedge.net/api/WHOSIS_000002,2024-08-02,source,2026-10-01,collectors/health.py@2026-10-01,collector,"Derived: median across 185 countries of WHO GHE HALE at birth, both sexes (GHO WHOSIS_000002, COUNTRY, SEX_BTSX), unweighted, from the unrounded estimates (61.77012696), rounded half-up to 1 decimal; GHE series 2000-2021; published = GHO record date 2024-08-02"
hale-median-country,2003,61.9,years,https://ghoapi.azureedge.net/api/WHOSIS_000002,2024-08-02,source,2026-10-01,collectors/health.py@2026-10-01,collector,"Derived: median across 185 countries of WHO GHE HALE at birth, both sexes (GHO WHOSIS_000002, COUNTRY, SEX_BTSX), unweighted, from the unrounded estimates (61.89351103), rounded half-up to 1 decimal; GHE series 2000-2021; published = GHO record date 2024-08-02"
hale-median-country,2004,62.1,years,https://ghoapi.azureedge.net/api/WHOSIS_000002,2024-08-02,source,2026-10-01,collectors/health.py@2026-10-01,collector,"Derived: median across 185 countries of WHO GHE HALE at birth, both sexes (GHO WHOSIS_000002, COUNTRY, SEX_BTSX), unweighted, from the unrounded estimates (62.05882932), rounded half-up to 1 decimal; GHE series 2000-2021; published = GHO record date 2024-08-02"
hale-median-country,2005,62.3,years,https://ghoapi.azureedge.net/api/WHOSIS_000002,2024-08-02,source,2026-10-01,collectors/health.py@2026-10-01,collector,"Derived: median across 185 countries of WHO GHE HALE at birth, both sexes (GHO WHOSIS_000002, COUNTRY, SEX_BTSX), unweighted, from the unrounded estimates (62.27512835), rounded half-up to 1 decimal; GHE series 2000-2021; published = GHO record date 2024-08-02"
hale-median-country,2006,62.4,years,https://ghoapi.azureedge.net/api/WHOSIS_000002,2024-08-02,source,2026-10-01,collectors/health.py@2026-10-01,collector,"Derived: median across 185 countries of WHO GHE HALE at birth, both sexes (GHO WHOSIS_000002, COUNTRY, SEX_BTSX), unweighted, from the unrounded estimates (62.44706361), rounded half-up to 1 decimal; GHE series 2000-2021; published = GHO record date 2024-08-02"
hale-median-country,2007,62.6,years,https://ghoapi.azureedge.net/api/WHOSIS_000002,2024-08-02,source,2026-10-01,collectors/health.py@2026-10-01,collector,"Derived: median across 185 countries of WHO GHE HALE at birth, both sexes (GHO WHOSIS_000002, COUNTRY, SEX_BTSX), unweighted, from the unrounded estimates (62.6114321), rounded half-up to 1 decimal; GHE series 2000-2021; published = GHO record date 2024-08-02"
hale-median-country,2008,62.8,years,https://ghoapi.azureedge.net/api/WHOSIS_000002,2024-08-02,source,2026-10-01,collectors/health.py@2026-10-01,collector,"Derived: median across 185 countries of WHO GHE HALE at birth, both sexes (GHO WHOSIS_000002, COUNTRY, SEX_BTSX), unweighted, from the unrounded estimates (62.82508332), rounded half-up to 1 decimal; GHE series 2000-2021; published = GHO record date 2024-08-02"
hale-median-country,2009,63.1,years,https://ghoapi.azureedge.net/api/WHOSIS_000002,2024-08-02,source,2026-10-01,collectors/health.py@2026-10-01,collector,"Derived: median across 185 countries of WHO GHE HALE at birth, both sexes (GHO WHOSIS_000002, COUNTRY, SEX_BTSX), unweighted, from the unrounded estimates (63.09452782), rounded half-up to 1 decimal; GHE series 2000-2021; published = GHO record date 2024-08-02"
hale-median-country,2010,63.5,years,https://ghoapi.azureedge.net/api/WHOSIS_000002,2024-08-02,source,2026-10-01,collectors/health.py@2026-10-01,collector,"Derived: median across 185 countries of WHO GHE HALE at birth, both sexes (GHO WHOSIS_000002, COUNTRY, SEX_BTSX), unweighted, from the unrounded estimates (63.50469332), rounded half-up to 1 decimal; GHE series 2000-2021; published = GHO record date 2024-08-02"
hale-median-country,2011,63.5,years,https://ghoapi.azureedge.net/api/WHOSIS_000002,2024-08-02,source,2026-10-01,collectors/health.py@2026-10-01,collector,"Derived: median across 185 countries of WHO GHE HALE at birth, both sexes (GHO WHOSIS_000002, COUNTRY, SEX_BTSX), unweighted, from the unrounded estimates (63.45704886), rounded half-up to 1 decimal; GHE series 2000-2021; published = GHO record date 2024-08-02"
hale-median-country,2012,63.6,years,https://ghoapi.azureedge.net/api/WHOSIS_000002,2024-08-02,source,2026-10-01,collectors/health.py@2026-10-01,collector,"Derived: median across 185 countries of WHO GHE HALE at birth, both sexes (GHO WHOSIS_000002, COUNTRY, SEX_BTSX), unweighted, from the unrounded estimates (63.5955061), rounded half-up to 1 decimal; GHE series 2000-2021; published = GHO record date 2024-08-02"
hale-median-country,2013,63.8,years,https://ghoapi.azureedge.net/api/WHOSIS_000002,2024-08-02,source,2026-10-01,collectors/health.py@2026-10-01,collector,"Derived: median across 185 countries of WHO GHE HALE at birth, both sexes (GHO WHOSIS_000002, COUNTRY, SEX_BTSX), unweighted, from the unrounded estimates (63.76258832), rounded half-up to 1 decimal; GHE series 2000-2021; published = GHO record date 2024-08-02"
hale-median-country,2014,63.8,years,https://ghoapi.azureedge.net/api/WHOSIS_000002,2024-08-02,source,2026-10-01,collectors/health.py@2026-10-01,collector,"Derived: median across 185 countries of WHO GHE HALE at birth, both sexes (GHO WHOSIS_000002, COUNTRY, SEX_BTSX), unweighted, from the unrounded estimates (63.81908924), rounded half-up to 1 decimal; GHE series 2000-2021; published = GHO record date 2024-08-02"
hale-median-country,2015,63.8,years,https://ghoapi.azureedge.net/api/WHOSIS_000002,2024-08-02,source,2026-10-01,collectors/health.py@2026-10-01,collector,"Derived: median across 185 countries of WHO GHE HALE at birth, both sexes (GHO WHOSIS_000002, COUNTRY, SEX_BTSX), unweighted, from the unrounded estimates (63.75536446), rounded half-up to 1 decimal; GHE series 2000-2021; published = GHO record date 2024-08-02"
hale-median-country,2016,63.8,years,https://ghoapi.azureedge.net/api/WHOSIS_000002,2024-08-02,source,2026-10-01,collectors/health.py@2026-10-01,collector,"Derived: median across 185 countries of WHO GHE HALE at birth, both sexes (GHO WHOSIS_000002, COUNTRY, SEX_BTSX), unweighted, from the unrounded estimates (63.81532015), rounded half-up to 1 decimal; GHE series 2000-2021; published = GHO record date 2024-08-02"
hale-median-country,2017,64.1,years,https://ghoapi.azureedge.net/api/WHOSIS_000002,2024-08-02,source,2026-10-01,collectors/health.py@2026-10-01,collector,"Derived: median across 185 countries of WHO GHE HALE at birth, both sexes (GHO WHOSIS_000002, COUNTRY, SEX_BTSX), unweighted, from the unrounded estimates (64.05827385), rounded half-up to 1 decimal; GHE series 2000-2021; published = GHO record date 2024-08-02"
hale-median-country,2018,64.2,years,https://ghoapi.azureedge.net/api/WHOSIS_000002,2024-08-02,source,2026-10-01,collectors/health.py@2026-10-01,collector,"Derived: median across 185 countries of WHO GHE HALE at birth, both sexes (GHO WHOSIS_000002, COUNTRY, SEX_BTSX), unweighted, from the unrounded estimates (64.23751358), rounded half-up to 1 decimal; GHE series 2000-2021; published = GHO record date 2024-08-02"
hale-median-country,2019,64.3,years,https://ghoapi.azureedge.net/api/WHOSIS_000002,2024-08-02,source,2026-10-01,collectors/health.py@2026-10-01,collector,"Derived: median across 185 countries of WHO GHE HALE at birth, both sexes (GHO WHOSIS_000002, COUNTRY, SEX_BTSX), unweighted, from the unrounded estimates (64.30942507), rounded half-up to 1 decimal; GHE series 2000-2021; published = GHO record date 2024-08-02"
hale-median-country,2020,63.4,years,https://ghoapi.azureedge.net/api/WHOSIS_000002,2024-08-02,source,2026-10-01,collectors/health.py@2026-10-01,collector,"Derived: median across 185 countries of WHO GHE HALE at birth, both sexes (GHO WHOSIS_000002, COUNTRY, SEX_BTSX), unweighted, from the unrounded estimates (63.41105649), rounded half-up to 1 decimal; GHE series 2000-2021; published = GHO record date 2024-08-02"
hale-median-country,2021,62.9,years,https://ghoapi.azureedge.net/api/WHOSIS_000002,2024-08-02,source,2026-10-01,collectors/health.py@2026-10-01,collector,"Derived: median across 185 countries of WHO GHE HALE at birth, both sexes (GHO WHOSIS_000002, COUNTRY, SEX_BTSX), unweighted, from the unrounded estimates (62.87965073), rounded half-up to 1 decimal; GHE series 2000-2021; published = GHO record date 2024-08-02"
hale-global,2000,58.1,years,https://ghoapi.azureedge.net/api/WHOSIS_000002,2024-08-02,source,2026-10-01,collectors/health.py@2026-10-01,collector,"WHO GHE global HALE at birth, both sexes (GHO WHOSIS_000002, GLOBAL, SEX_BTSX; '58.1 [57.4-58.8]' = estimate [95% UI]); GHE series 2000-2021; published = GHO record date 2024-08-02"
hale-global,2001,58.4,years,https://ghoapi.azureedge.net/api/WHOSIS_000002,2024-08-02,source,2026-10-01,collectors/health.py@2026-10-01,collector,"WHO GHE global HALE at birth, both sexes (GHO WHOSIS_000002, GLOBAL, SEX_BTSX; '58.4 [57.5-59.1]' = estimate [95% UI]); GHE series 2000-2021; published = GHO record date 2024-08-02"
hale-global,2002,58.6,years,https://ghoapi.azureedge.net/api/WHOSIS_000002,2024-08-02,source,2026-10-01,collectors/health.py@2026-10-01,collector,"WHO GHE global HALE at birth, both sexes (GHO WHOSIS_000002, GLOBAL, SEX_BTSX; '58.6 [58.0-59.3]' = estimate [95% UI]); GHE series 2000-2021; published = GHO record date 2024-08-02"
hale-global,2003,58.9,years,https://ghoapi.azureedge.net/api/WHOSIS_000002,2024-08-02,source,2026-10-01,collectors/health.py@2026-10-01,collector,"WHO GHE global HALE at birth, both sexes (GHO WHOSIS_000002, GLOBAL, SEX_BTSX; '58.9 [58.2-59.6]' = estimate [95% UI]); GHE series 2000-2021; published = GHO record date 2024-08-02"
hale-global,2004,59.2,years,https://ghoapi.azureedge.net/api/WHOSIS_000002,2024-08-02,source,2026-10-01,collectors/health.py@2026-10-01,collector,"WHO GHE global HALE at birth, both sexes (GHO WHOSIS_000002, GLOBAL, SEX_BTSX; '59.2 [58.4-59.8]' = estimate [95% UI]); GHE series 2000-2021; published = GHO record date 2024-08-02"
hale-global,2005,59.5,years,https://ghoapi.azureedge.net/api/WHOSIS_000002,2024-08-02,source,2026-10-01,collectors/health.py@2026-10-01,collector,"WHO GHE global HALE at birth, both sexes (GHO WHOSIS_000002, GLOBAL, SEX_BTSX; '59.5 [58.9-60.2]' = estimate [95% UI]); GHE series 2000-2021; published = GHO record date 2024-08-02"
hale-global,2006,60.0,years,https://ghoapi.azureedge.net/api/WHOSIS_000002,2024-08-02,source,2026-10-01,collectors/health.py@2026-10-01,collector,"WHO GHE global HALE at birth, both sexes (GHO WHOSIS_000002, GLOBAL, SEX_BTSX; '60.0 [59.3-60.8]' = estimate [95% UI]); GHE series 2000-2021; published = GHO record date 2024-08-02"
hale-global,2007,60.4,years,https://ghoapi.azureedge.net/api/WHOSIS_000002,2024-08-02,source,2026-10-01,collectors/health.py@2026-10-01,collector,"WHO GHE global HALE at birth, both sexes (GHO WHOSIS_000002, GLOBAL, SEX_BTSX; '60.4 [59.7-61.2]' = estimate [95% UI]); GHE series 2000-2021; published = GHO record date 2024-08-02"
hale-global,2008,60.6,years,https://ghoapi.azureedge.net/api/WHOSIS_000002,2024-08-02,source,2026-10-01,collectors/health.py@2026-10-01,collector,"WHO GHE global HALE at birth, both sexes (GHO WHOSIS_000002, GLOBAL, SEX_BTSX; '60.6 [59.9-61.3]' = estimate [95% UI]); GHE series 2000-2021; published = GHO record date 2024-08-02"
hale-global,2009,61.1,years,https://ghoapi.azureedge.net/api/WHOSIS_000002,2024-08-02,source,2026-10-01,collectors/health.py@2026-10-01,collector,"WHO GHE global HALE at birth, both sexes (GHO WHOSIS_000002, GLOBAL, SEX_BTSX; '61.1 [60.4-61.9]' = estimate [95% UI]); GHE series 2000-2021; published = GHO record date 2024-08-02"
hale-global,2010,61.3,years,https://ghoapi.azureedge.net/api/WHOSIS_000002,2024-08-02,source,2026-10-01,collectors/health.py@2026-10-01,collector,"WHO GHE global HALE at birth, both sexes (GHO WHOSIS_000002, GLOBAL, SEX_BTSX; '61.3 [60.7-62.1]' = estimate [95% UI]); GHE series 2000-2021; published = GHO record date 2024-08-02"
hale-global,2011,61.7,years,https://ghoapi.azureedge.net/api/WHOSIS_000002,2024-08-02,source,2026-10-01,collectors/health.py@2026-10-01,collector,"WHO GHE global HALE at birth, both sexes (GHO WHOSIS_000002, GLOBAL, SEX_BTSX; '61.7 [61.0-62.4]' = estimate [95% UI]); GHE series 2000-2021; published = GHO record date 2024-08-02"
hale-global,2012,62.0,years,https://ghoapi.azureedge.net/api/WHOSIS_000002,2024-08-02,source,2026-10-01,collectors/health.py@2026-10-01,collector,"WHO GHE global HALE at birth, both sexes (GHO WHOSIS_000002, GLOBAL, SEX_BTSX; '62.0 [61.2-62.7]' = estimate [95% UI]); GHE series 2000-2021; published = GHO record date 2024-08-02"
hale-global,2013,62.3,years,https://ghoapi.azureedge.net/api/WHOSIS_000002,2024-08-02,source,2026-10-01,collectors/health.py@2026-10-01,collector,"WHO GHE global HALE at birth, both sexes (GHO WHOSIS_000002, GLOBAL, SEX_BTSX; '62.3 [61.5-63.0]' = estimate [95% UI]); GHE series 2000-2021; published = GHO record date 2024-08-02"
hale-global,2014,62.5,years,https://ghoapi.azureedge.net/api/WHOSIS_000002,2024-08-02,source,2026-10-01,collectors/health.py@2026-10-01,collector,"WHO GHE global HALE at birth, both sexes (GHO WHOSIS_000002, GLOBAL, SEX_BTSX; '62.5 [61.9-63.3]' = estimate [95% UI]); GHE series 2000-2021; published = GHO record date 2024-08-02"
hale-global,2015,62.7,years,https://ghoapi.azureedge.net/api/WHOSIS_000002,2024-08-02,source,2026-10-01,collectors/health.py@2026-10-01,collector,"WHO GHE global HALE at birth, both sexes (GHO WHOSIS_000002, GLOBAL, SEX_BTSX; '62.7 [62.1-63.3]' = estimate [95% UI]); GHE series 2000-2021; published = GHO record date 2024-08-02"
hale-global,2016,62.9,years,https://ghoapi.azureedge.net/api/WHOSIS_000002,2024-08-02,source,2026-10-01,collectors/health.py@2026-10-01,collector,"WHO GHE global HALE at birth, both sexes (GHO WHOSIS_000002, GLOBAL, SEX_BTSX; '62.9 [62.2-63.7]' = estimate [95% UI]); GHE series 2000-2021; published = GHO record date 2024-08-02"
hale-global,2017,63.1,years,https://ghoapi.azureedge.net/api/WHOSIS_000002,2024-08-02,source,2026-10-01,collectors/health.py@2026-10-01,collector,"WHO GHE global HALE at birth, both sexes (GHO WHOSIS_000002, GLOBAL, SEX_BTSX; '63.1 [62.4-63.9]' = estimate [95% UI]); GHE series 2000-2021; published = GHO record date 2024-08-02"
hale-global,2018,63.3,years,https://ghoapi.azureedge.net/api/WHOSIS_000002,2024-08-02,source,2026-10-01,collectors/health.py@2026-10-01,collector,"WHO GHE global HALE at birth, both sexes (GHO WHOSIS_000002, GLOBAL, SEX_BTSX; '63.3 [62.5-64.1]' = estimate [95% UI]); GHE series 2000-2021; published = GHO record date 2024-08-02"
hale-global,2019,63.5,years,https://ghoapi.azureedge.net/api/WHOSIS_000002,2024-08-02,source,2026-10-01,collectors/health.py@2026-10-01,collector,"WHO GHE global HALE at birth, both sexes (GHO WHOSIS_000002, GLOBAL, SEX_BTSX; '63.5 [62.7-64.4]' = estimate [95% UI]); GHE series 2000-2021; published = GHO record date 2024-08-02"
hale-global,2020,62.8,years,https://ghoapi.azureedge.net/api/WHOSIS_000002,2024-08-02,source,2026-10-01,collectors/health.py@2026-10-01,collector,"WHO GHE global HALE at birth, both sexes (GHO WHOSIS_000002, GLOBAL, SEX_BTSX; '62.8 [62.2-63.6]' = estimate [95% UI]); GHE series 2000-2021; published = GHO record date 2024-08-02"
hale-global,2021,61.9,years,https://ghoapi.azureedge.net/api/WHOSIS_000002,2024-08-02,source,2026-10-01,collectors/health.py@2026-10-01,collector,"WHO GHE global HALE at birth, both sexes (GHO WHOSIS_000002, GLOBAL, SEX_BTSX; '61.9 [61.0-62.7]' = estimate [95% UI]); GHE series 2000-2021; published = GHO record date 2024-08-02"
